ISO3,Country,Degree centrality,Weighted betweenness,In-degree,Out-degree
USA,United States,1.027027027027027,0.3426073131955485,71,157
IND,India,0.9144144144144144,0.16650360768007827,32,171
THA,Thailand,0.8738738738738738,0.025070319187966247,32,162
ITA,Italy,0.8108108108108109,0.3323753617871265,48,132
TUR,Turkey,0.7837837837837838,0.043047572459337165,46,128
FRA,France,0.7477477477477478,0.02050466756349109,63,103
NLD,Netherlands,0.7297297297297297,0.263625616566793,75,87
GBR,United Kingdom,0.6756756756756757,0.013003954180424769,66,84
ARE,United Arab Emirates,0.6711711711711712,0.18729362847009906,51,98
ESP,Spain,0.6621621621621622,0.06713953772777302,46,101
DEU,Germany,0.6531531531531531,0.03544494720965309,61,84
PAK,Pakistan,0.6351351351351351,0.03552647670294729,14,127
CHN,China,0.6216216216216216,0.07064530593942359,19,119
VNM,Vietnam,0.5990990990990991,0.04066283478048184,17,116
BEL,Belgium,0.581081081081081,0.021421874363050833,54,75
CAN,Canada,0.5225225225225225,0.04086665851371734,73,43
BRA,Brazil,0.5225225225225225,0.06752680282092047,17,99
PRT,Portugal,0.509009009009009,0.022542904895846073,36,77
JPN,Japan,0.46396396396396394,0.04155965920671803,25,78
KOR,"Korea, Republic",0.44144144144144143,0.011944070767600179,26,72
POL,Poland,0.4099099099099099,0.03344747462394521,44,47
GRC,Greece,0.3918918918918919,0.014940279646161998,39,48
KHM,Cambodia,0.38288288288288286,0.058619705678529206,9,76
AUS,Australia,0.3783783783783784,0.14349190819779054,43,41
ZAF,South Africa,0.34684684684684686,0.054930496106966695,39,38
LBN,Lebanon,0.34684684684684686,0.0007337654396477926,31,46
BGR,Bulgaria,0.34684684684684686,0.006685418450124332,30,47
AUT,Austria,0.33783783783783783,0.0,39,36
DNK,Denmark,0.3333333333333333,0.019505931270637152,42,32
CHE,Switzerland,0.32432432432432434,0.0,47,25
UKR,Ukraine,0.32432432432432434,0.014675308792955852,41,31
IRL,Ireland,0.3108108108108108,0.004443357384533855,52,17
CZE,Czech Republic,0.3108108108108108,0.015551750845868493,40,29
SGP,Singapore,0.3063063063063063,0.01188292364762953,32,36
LKA,Sri Lanka,0.2972972972972973,0.013126248420366067,24,42
ROU,Romania,0.2927927927927928,0.04213036565977742,29,36
SWE,Sweden,0.2882882882882883,0.00888671476906771,44,20
URY,Uruguay,0.2882882882882883,0.0,7,57
NOR,Norway,0.27927927927927926,0.0,42,20
SVN,Slovenia,0.2747747747747748,0.0,33,28
MMR,Myanmar,0.2747747747747748,2.0382373323549794e-05,5,56
SVK,Slovakia,0.26576576576576577,0.02050466756349109,39,20
HUN,Hungary,0.26126126126126126,0.029391382332558804,33,25
RUS,Russian Federation,0.26126126126126126,0.025090701561289796,23,35
LUX,Luxembourg,0.25675675675675674,0.004443357384533855,47,10
FIN,Finland,0.24774774774774774,0.0,36,19
BHR,Bahrain,0.22972972972972971,0.004443357384533855,36,15
NZL,New Zealand,0.22972972972972971,0.010659981248216542,31,20
LTU,Lithuania,0.22522522522522523,0.007765684236272471,26,24
ARG,Argentina,0.22072072072072071,0.0,11,38
TZA,Tanzania,0.21621621621621623,0.053605641840935955,15,33
LVA,Latvia,0.21171171171171171,2.0382373323549794e-05,31,16
EST,Estonia,0.2072072072072072,0.0,37,9
CYP,Cyprus,0.20270270270270271,0.0,38,7
JOR,Jordan,0.20270270270270271,0.019954343483755247,30,15
HKG,"China, Hong Kong SAR",0.19369369369369369,0.007215360156536627,27,16
OMN,Oman,0.19369369369369369,0.00888671476906771,25,18
IDN,Indonesia,0.19369369369369369,0.0045656516244751534,11,32
GUY,Guyana,0.19369369369369369,0.0031796502384737677,9,34
MDV,Maldives,0.18468468468468469,0.0,40,1
ISR,Israel,0.18468468468468469,0.0,30,11
BGD,Bangladesh,0.18468468468468469,0.0033834739717092657,8,33
PHL,Philippines,0.18018018018018017,0.0,21,19
EGY,Egypt,0.17567567567567569,0.0,16,23
KWT,Kuwait,0.17117117117117117,0.0,28,10
SAU,Saudi Arabia,0.17117117117117117,0.0,26,12
MYS,Malaysia,0.17117117117117117,0.00010191186661774896,21,17
KAZ,Kazakhstan,0.17117117117117117,0.018099547511312215,18,20
MDA,Moldova,0.16666666666666666,0.004422975011210305,31,6
HRV,Croatia,0.16666666666666666,0.0,26,11
SRB,Serbia,0.16666666666666666,0.004443357384533855,25,12
ISL,Iceland,0.16216216216216217,0.0,34,2
KEN,Kenya,0.16216216216216217,0.004422975011210305,20,16
PRY,Paraguay,0.16216216216216217,0.0,7,29
QAT,Qatar,0.15315315315315314,0.0,29,5
NGA,Nigeria,0.15315315315315314,0.0,20,14
MKD,North Macedonia,0.15315315315315314,0.0,14,20
PER,Peru,0.15315315315315314,0.008968244262361908,14,20
CIV,Cote d'Ivoire,0.14864864864864866,0.0011617952794423382,19,14
IRN,Iran,0.14864864864864866,0.0,7,26
SYC,Seychelles,0.14414414414414414,0.0,30,2
MLT,Malta,0.14414414414414414,0.0,28,4
BEN,Benin,0.13963963963963963,0.0,27,4
CHL,Chile,0.13963963963963963,0.004443357384533855,22,9
GHA,Ghana,0.13513513513513514,0.0,23,7
NAM,Namibia,0.13513513513513514,0.0,23,7
MNE,Montenegro,0.13063063063063063,0.0,25,4
AGO,Angola,0.12612612612612611,0.004443357384533855,23,5
MUS,Mauritius,0.12612612612612611,0.004443357384533855,22,6
IRQ,Iraq,0.12612612612612611,0.0,16,12
MWI,Malawi,0.12612612612612611,0.045819575231339935,10,18
AZE,Azerbaijan,0.12162162162162161,0.0,23,4
COD,"Congo, Democratic Republic",0.12162162162162161,0.006155476743712037,22,5
MAR,Morocco,0.12162162162162161,0.00884595002242061,22,5
SEN,Senegal,0.11711711711711711,0.007521095756389874,20,6
COL,Colombia,0.11711711711711711,0.0,16,10
FJI,Fiji,0.11711711711711711,0.0032000326117973175,11,15
RWA,Rwanda,0.11261261261261261,0.019179813297460355,20,5
BIH,Bosnia Herzegovina,0.10810810810810811,0.0,20,4
GEO,Georgia,0.10810810810810811,0.0,20,4
MOZ,Mozambique,0.10810810810810811,0.04158004158004158,14,10
MNG,Mongolia,0.1036036036036036,0.0,21,2
PYF,French Polynesia,0.0990990990990991,0.0,22,0
MAC,"China, Macao SAR",0.0990990990990991,0.0,21,1
PSE,State of Palestine,0.0945945945945946,0.0,21,0
ARM,Armenia,0.0945945945945946,0.0,19,2
TGO,Togo,0.0945945945945946,0.004361827891239655,17,4
PAN,Panama,0.0945945945945946,0.0,14,7
UZB,Uzbekistan,0.0945945945945946,0.004443357384533855,13,8
DOM,Dominican Republic,0.0945945945945946,0.0,10,11
GTM,Guatemala,0.09009009009009009,0.026334026334026334,15,5
MDG,Madagascar,0.09009009009009009,0.0,15,5
UGA,Uganda,0.09009009009009009,0.0,11,9
MEX,Mexico,0.09009009009009009,0.0,10,10
ECU,Ecuador,0.09009009009009009,0.0,6,14
COG,"Congo, Republic",0.08558558558558559,0.0006318535730300436,18,1
ETH,Ethiopia,0.08558558558558559,0.0,18,1
NPL,Nepal,0.08558558558558559,0.0,13,6
LAO,Lao PDR,0.08558558558558559,0.002262443438914027,6,13
SUR,Suriname,0.08558558558558559,0.0,6,13
CPV,Cabo Verde,0.08108108108108109,0.0,18,0
CRI,Costa Rica,0.08108108108108109,0.004443357384533855,13,5
ZMB,Zambia,0.08108108108108109,0.009172067995597407,13,5
ALB,Albania,0.07657657657657657,0.0,15,2
CMR,Cameroon,0.07657657657657657,0.0,14,3
BRN,Brunei Darussalam,0.07657657657657657,0.0,13,4
CUW,Curacao,0.07657657657657657,0.00880518527577351,13,4
TTO,Trinidad and Tobago,0.07657657657657657,0.0,12,5
KGZ,Kyrgyzstan,0.07657657657657657,0.004443357384533855,11,6
CUB,Cuba,0.07207207207207207,0.0,14,2
VEN,Venezuela,0.07207207207207207,0.0,12,4
SLV,El Salvador,0.07207207207207207,0.0,10,6
NER,Niger,0.06756756756756757,0.0,15,0
GIN,Guinea,0.06756756756756757,0.0,13,2
STP,Sao Tome and Principe,0.06306306306306306,0.0,14,0
GMB,Gambia,0.06306306306306306,0.0,13,1
BFA,Burkina Faso,0.06306306306306306,0.0,12,2
BRB,Barbados,0.06306306306306306,0.0,12,2
GNQ,Equatorial Guinea,0.06306306306306306,0.0029350617585911704,12,2
JAM,Jamaica,0.06306306306306306,0.00886633239574416,11,3
SYR,Syria,0.06306306306306306,0.0,11,3
BWA,Botswana,0.06306306306306306,0.012983571807101218,10,4
SLE,Sierra Leone,0.05855855855855856,0.0,13,0
ZWE,Zimbabwe,0.05855855855855856,0.0,13,0
TLS,Timor-Leste,0.05855855855855856,0.0,13,0
LBY,Libya,0.05855855855855856,0.0,12,1
MLI,Mali,0.05855855855855856,0.0,11,2
TUN,Tunisia,0.05855855855855856,0.0,11,2
CAF,Central African Republic,0.05405405405405406,0.0,12,0
TJK,Tajikistan,0.05405405405405406,0.0,11,1
HTI,Haiti,0.05405405405405406,0.0,8,4
NIC,Nicaragua,0.05405405405405406,6.114711997064938e-05,8,4
LBR,Liberia,0.04954954954954955,0.0,11,0
SDN,Sudan,0.04954954954954955,0.0,11,0
ATG,Antigua and Barbuda,0.04954954954954955,0.0,11,0
CYM,Cayman Islands,0.04954954954954955,0.004443357384533855,10,1
YEM,Yemen,0.04954954954954955,0.0,9,2
ABW,Aruba,0.04504504504504504,0.0,10,0
DZA,Algeria,0.04504504504504504,0.0,10,0
MRT,Mauritania,0.04504504504504504,0.0,10,0
SOM,Somalia,0.04504504504504504,0.0,10,0
BLZ,Belize,0.04504504504504504,0.013268925033630915,9,1
GRD,Grenada,0.04504504504504504,0.0,9,1
BDI,Burundi,0.04054054054054054,0.0,9,0
COM,Comoros,0.04054054054054054,0.0,9,0
AFG,Afghanistan,0.04054054054054054,0.0,7,2
BOL,Bolivia,0.036036036036036036,0.0,8,0
GAB,Gabon,0.036036036036036036,0.0,8,0
BHS,Bahamas,0.036036036036036036,0.0,8,0
BMU,Bermuda,0.036036036036036036,0.0,8,0
VUT,Vanuatu,0.036036036036036036,0.0,8,0
MHL,Marshall Islands,0.036036036036036036,0.0,7,1
DJI,Djibouti,0.02702702702702703,0.0,6,0
GIB,Gibraltar,0.02702702702702703,0.0,6,0
PNG,Papua New Guinea,0.02702702702702703,0.0,6,0
BLR,Belarus,0.02702702702702703,0.0,6,0
SXM,Sint Maarten (Dutch part),0.02702702702702703,0.0,5,1
AND,Andorra,0.02702702702702703,0.0,4,2
HND,Honduras,0.02702702702702703,0.0031185031185031182,4,2
VGB,British Virgin Islands,0.02702702702702703,0.0,4,2
ERI,Eritrea,0.02252252252252252,0.0,5,0
NCL,New Caledonia,0.02252252252252252,0.0,5,0
COK,Cook Islands,0.02252252252252252,0.0,5,0
GNB,Guinea-Bissau,0.02252252252252252,0.0,5,0
WLF,Wallis and Futuna Islands,0.02252252252252252,0.0,5,0
GRL,Greenland,0.02252252252252252,0.0,5,0
MNP,Northern Mariana Islands,0.02252252252252252,0.0,5,0
TKM,Turkmenistan,0.02252252252252252,0.0,4,1
SSD,South Sudan,0.018018018018018018,0.0,4,0
TUV,Tuvalu,0.018018018018018018,0.0,4,0
VCT,Saint Vincent and the Grenadines,0.018018018018018018,0.0,4,0
KIR,Kiribati,0.018018018018018018,0.0,4,0
ASM,American Samoa,0.018018018018018018,0.0,4,0
LCA,Saint Lucia,0.018018018018018018,0.0,4,0
TCD,Chad,0.013513513513513514,0.0,3,0
FSM,Micronesia,0.013513513513513514,0.0,3,0
TON,Tonga,0.013513513513513514,0.0,3,0
WSM,Samoa,0.013513513513513514,0.0,3,0
FRO,Faeroe Islands,0.013513513513513514,0.0,3,0
TCA,Turks and Caicos Islands,0.013513513513513514,0.0,3,0
MSR,Montserrat,0.013513513513513514,0.0,3,0
KNA,Saint Kitts and Nevis,0.013513513513513514,0.0,3,0
PLW,Palau,0.013513513513513514,0.0,3,0
SWZ,Eswatini,0.013513513513513514,0.0,2,1
FLK,Falkland Islands (Malvinas),0.009009009009009009,0.0,2,0
SPM,Saint Pierre and Miquelon,0.009009009009009009,0.0,2,0
SLB,Solomon Islands,0.009009009009009009,0.0,2,0
NIU,Niue,0.009009009009009009,0.0,2,0
NRU,Nauru,0.009009009009009009,0.0,2,0
DMA,Dominica,0.009009009009009009,0.0,2,0
GUM,Guam,0.009009009009009009,0.0,1,1
LSO,Lesotho,0.009009009009009009,0.0,1,1
BTN,Bhutan,0.0045045045045045045,0.0,1,0
PRK,"Korea, Democratic People’s Republic",0.0045045045045045045,0.0,1,0
BES,Bonaire,0.0045045045045045045,0.0,1,0
NFK,Norfolk Islands,0.0045045045045045045,0.0,1,0
BLM,Saint-Barthelemy,0.0045045045045045045,0.0,1,0
AIA,Anguilla,0.0045045045045045045,0.0,1,0
IOT,British Indian Ocean Territory,0.0045045045045045045,0.0,1,0
SHN,Saint Helena,0.0045045045045045045,0.0,1,0
PCN,Pitcairn,0.0045045045045045045,0.0,0,1
VAT,Holy See,0.0045045045045045045,0.0,0,1
ATA,Antarctica,0.0,0.0,0,0
